{"cameraMode":{"drawMode":0,"name":"Shaded","section":"Shading Mode"},"sceneLighting":false,"audioPlay":false,"sceneViewState":{"showFog":true,"showMaterialUpdate":false,"showSkybox":false,"showFlares":true,"showImageEffects":true,"showParticleSystems":true},"in2DMode":false,"pivot":{"x":-0.017024457454681398,"y":0.004049479961395264,"z":-0.02370762825012207},"rotation":{"x":0.011696318164467812,"y":-0.013798396103084088,"z":0.0001614321517990902,"w":0.9998364448547363},"size":3.583662986755371,"orthographic":true}